{
  "method": "rf_imp",
  "dataset": "cicids2017",
  "seed": 1,
  "selected_features": [
    "Bwd Packet Length Std",
    "Packet Length Variance",
    "Packet Length Std",
    "Bwd Packet Length Mean",
    "Total Length of Fwd Packets",
    "Subflow Bwd Bytes",
    "Bwd Packet Length Max",
    "Packet Length Mean",
    "Total Length of Bwd Packets",
    "Average Packet Size",
    "Subflow Fwd Bytes",
    "Avg Bwd Segment Size",
    "Max Packet Length",
    "Fwd IAT Std",
    "Fwd Packet Length Max",
    "Fwd Packet Length Mean",
    "Avg Fwd Segment Size",
    "PSH Flag Count",
    "Destination Port",
    "Flow IAT Max",
    "Fwd Header Length.1",
    "Init_Win_bytes_backward",
    "Subflow Fwd Packets",
    "Fwd IAT Max",
    "Total Fwd Packets",
    "Flow IAT Std",
    "act_data_pkt_fwd",
    "Idle Max",
    "Fwd Header Length",
    "Fwd Packet Length Std",
    "Fwd IAT Mean",
    "ACK Flag Count",
    "Bwd Header Length",
    "Flow Bytes/s",
    "min_seg_size_forward",
    "Idle Mean",
    "Bwd Packets/s",
    "Fwd IAT Total",
    "Init_Win_bytes_forward"
  ],
  "n_features_selected": 39,
  "n_features_total": 78,
  "accuracy": 0.99219,
  "macro_precision": 0.6281440659058887,
  "macro_recall": 0.7620084808237124,
  "macro_f1": 0.6505095432647567,
  "weighted_f1": 0.9929391048964856,
  "per_class_f1": {
    "0": 0.995837575071231,
    "1": 0.3930635838150289,
    "2": 0.9957697983275947,
    "3": 0.9444444444444444,
    "4": 0.9904400496241699,
    "5": 0.855072463768116,
    "6": 0.9651972157772621,
    "7": 0.9640591966173362,
    "8": 0.0,
    "9": 0.15384615384615385,
    "10": 0.9788477595324242,
    "11": 0.9064748201438849,
    "12": 0.2204724409448819,
    "13": 0.1,
    "14": 0.29411764705882354
  },
  "roc_auc_ovr": 0.5888937147964095,
  "pr_auc_macro": 0.15764356493832882,
  "train_time_s": 18.46228837966919,
  "infer_total_s": 1.0516767501831055,
  "latency_ms_per_flow": 0.010516767501831054,
  "confusion": [
    [
      82659,
      59,
      18,
      23,
      46,
      24,
      6,
      6,
      60,
      16,
      67,
      22,
      49,
      14,
      33
    ],
    [
      44,
      34,
      0,
      0,
      0,
      0,
      0,
      0,
      0,
      0,
      0,
      0,
      0,
      0,
      0
    ],
    [
      10,
      2,
      5061,
      1,
      5,
      0,
      0,
      0,
      0,
      0,
      0,
      0,
      0,
      0,
      0
    ],
    [
      13,
      0,
      1,
      391,
      2,
      1,
      0,
      0,
      0,
      0,
      0,
      0,
      0,
      1,
      0
    ],
    [
      59,
      0,
      0,
      2,
      6786,
      0,
      0,
      0,
      4,
      4,
      0,
      0,
      2,
      0,
      0
    ],
    [
      28,
      0,
      1,
      1,
      0,
      177,
      0,
      0,
      0,
      0,
      1,
      0,
      0,
      0,
      0
    ],
    [
      5,
      0,
      0,
      0,
      0,
      1,
      208,
      0,
      0,
      0,
      0,
      0,
      0,
      0,
      0
    ],
    [
      5,
      0,
      0,
      0,
      0,
      0,
      0,
      228,
      0,
      0,
      3,
      0,
      0,
      0,
      0
    ],
    [
      0,
      0,
      1,
      0,
      0,
      0,
      0,
      0,
      0,
      0,
      0,
      0,
      0,
      0,
      0
    ],
    [
      0,
      0,
      0,
      0,
      0,
      0,
      0,
      0,
      0,
      2,
      0,
      0,
      0,
      0,
      0
    ],
    [
      53,
      0,
      4,
      0,
      6,
      3,
      3,
      3,
      0,
      2,
      3517,
      1,
      0,
      2,
      4
    ],
    [
      2,
      0,
      0,
      0,
      1,
      0,
      0,
      0,
      0,
      0,
      0,
      126,
      0,
      0,
      0
    ],
    [
      21,
      0,
      0,
      0,
      0,
      0,
      0,
      0,
      0,
      0,
      0,
      0,
      14,
      0,
      24
    ],
    [
      0,
      0,
      0,
      0,
      0,
      0,
      0,
      0,
      0,
      0,
      0,
      0,
      1,
      1,
      0
    ],
    [
      8,
      0,
      0,
      1,
      0,
      0,
      0,
      0,
      0,
      0,
      0,
      0,
      2,
      0,
      15
    ]
  ],
  "fitness_history": null,
  "pareto_points": null,
  "shap_signatures": null,
  "fidelity": null
}