{
  "method": "filter",
  "dataset": "cicids2017",
  "seed": 1,
  "selected_features": [
    "Average Packet Size",
    "Packet Length Std",
    "Packet Length Variance",
    "Packet Length Mean",
    "Total Length of Bwd Packets",
    "Subflow Bwd Bytes",
    "Avg Bwd Segment Size",
    "Bwd Packet Length Mean",
    "Subflow Fwd Bytes",
    "Total Length of Fwd Packets",
    "Bwd Packet Length Max",
    "Init_Win_bytes_backward",
    "Max Packet Length",
    "Fwd Packet Length Max",
    "Init_Win_bytes_forward",
    "Fwd IAT Max",
    "Flow IAT Max",
    "Fwd IAT Total",
    "Fwd Header Length.1",
    "Fwd Header Length",
    "Flow Duration",
    "Avg Fwd Segment Size",
    "Fwd Packet Length Mean",
    "Fwd IAT Mean",
    "Bwd Packet Length Std",
    "Flow Bytes/s",
    "Destination Port",
    "Bwd Header Length",
    "Fwd Packets/s",
    "Bwd Packets/s",
    "Flow Packets/s",
    "Flow IAT Mean",
    "Fwd Packet Length Std",
    "Fwd IAT Std",
    "Flow IAT Std",
    "Bwd IAT Max",
    "Bwd IAT Total",
    "Bwd IAT Mean",
    "Total Backward Packets"
  ],
  "n_features_selected": 39,
  "n_features_total": 78,
  "accuracy": 0.99621,
  "macro_precision": 0.7530241402542507,
  "macro_recall": 0.8775123251102499,
  "macro_f1": 0.7752440229476872,
  "weighted_f1": 0.9965145149940108,
  "per_class_f1": {
    "0": 0.9981393948517236,
    "1": 0.7909604519774012,
    "2": 0.9975376735940116,
    "3": 0.9679802955665024,
    "4": 0.9936602783647891,
    "5": 0.9689737470167065,
    "6": 0.9561200923787528,
    "7": 0.9893842887473461,
    "8": 1.0,
    "9": 0.2222222222222222,
    "10": 0.9914174972314507,
    "11": 0.9923076923076923,
    "12": 0.38333333333333336,
    "13": 0.09090909090909091,
    "14": 0.2857142857142857
  },
  "roc_auc_ovr": 0.6112868678108605,
  "pr_auc_macro": 0.19322748126499595,
  "train_time_s": 19.23466658592224,
  "infer_total_s": 1.1619257926940918,
  "latency_ms_per_flow": 0.011619257926940917,
  "confusion": [
    [
      82883,
      29,
      8,
      10,
      37,
      7,
      7,
      2,
      0,
      11,
      44,
      2,
      26,
      14,
      22
    ],
    [
      8,
      70,
      0,
      0,
      0,
      0,
      0,
      0,
      0,
      0,
      0,
      0,
      0,
      0,
      0
    ],
    [
      12,
      0,
      5064,
      0,
      3,
      0,
      0,
      0,
      0,
      0,
      0,
      0,
      0,
      0,
      0
    ],
    [
      15,
      0,
      0,
      393,
      0,
      0,
      0,
      0,
      0,
      1,
      0,
      0,
      0,
      0,
      0
    ],
    [
      27,
      0,
      2,
      0,
      6818,
      0,
      2,
      0,
      0,
      1,
      1,
      0,
      2,
      4,
      0
    ],
    [
      4,
      0,
      0,
      0,
      0,
      203,
      0,
      0,
      0,
      0,
      0,
      0,
      0,
      1,
      0
    ],
    [
      3,
      0,
      0,
      0,
      2,
      1,
      207,
      0,
      0,
      0,
      0,
      0,
      1,
      0,
      0
    ],
    [
      3,
      0,
      0,
      0,
      0,
      0,
      0,
      233,
      0,
      0,
      0,
      0,
      0,
      0,
      0
    ],
    [
      0,
      0,
      0,
      0,
      0,
      0,
      0,
      0,
      1,
      0,
      0,
      0,
      0,
      0,
      0
    ],
    [
      0,
      0,
      0,
      0,
      0,
      0,
      0,
      0,
      0,
      2,
      0,
      0,
      0,
      0,
      0
    ],
    [
      7,
      0,
      0,
      0,
      6,
      0,
      3,
      0,
      0,
      1,
      3581,
      0,
      0,
      0,
      0
    ],
    [
      0,
      0,
      0,
      0,
      0,
      0,
      0,
      0,
      0,
      0,
      0,
      129,
      0,
      0,
      0
    ],
    [
      6,
      0,
      0,
      0,
      0,
      0,
      0,
      0,
      0,
      0,
      0,
      0,
      23,
      0,
      30
    ],
    [
      1,
      0,
      0,
      0,
      0,
      0,
      0,
      0,
      0,
      0,
      0,
      0,
      0,
      1,
      0
    ],
    [
      4,
      0,
      0,
      0,
      0,
      0,
      0,
      0,
      0,
      0,
      0,
      0,
      9,
      0,
      13
    ]
  ],
  "fitness_history": null,
  "pareto_points": null,
  "shap_signatures": null,
  "fidelity": null
}