{
  "method": "filter",
  "dataset": "cicids2017",
  "seed": 3,
  "selected_features": [
    "Average Packet Size",
    "Packet Length Std",
    "Packet Length Variance",
    "Packet Length Mean",
    "Total Length of Bwd Packets",
    "Subflow Bwd Bytes",
    "Bwd Packet Length Mean",
    "Avg Bwd Segment Size",
    "Total Length of Fwd Packets",
    "Subflow Fwd Bytes",
    "Bwd Packet Length Max",
    "Init_Win_bytes_backward",
    "Max Packet Length",
    "Init_Win_bytes_forward",
    "Fwd Packet Length Max",
    "Fwd IAT Max",
    "Flow IAT Max",
    "Fwd IAT Total",
    "Fwd Header Length.1",
    "Fwd Header Length",
    "Flow Duration",
    "Avg Fwd Segment Size",
    "Fwd Packet Length Mean",
    "Fwd IAT Mean",
    "Bwd Packet Length Std",
    "Destination Port",
    "Flow Bytes/s",
    "Bwd Header Length",
    "Fwd Packets/s",
    "Bwd Packets/s",
    "Flow Packets/s",
    "Flow IAT Mean",
    "Fwd Packet Length Std",
    "Fwd IAT Std",
    "Flow IAT Std",
    "Bwd IAT Max",
    "Bwd IAT Total",
    "Bwd IAT Mean",
    "Total Backward Packets"
  ],
  "n_features_selected": 39,
  "n_features_total": 78,
  "accuracy": 0.99599,
  "macro_precision": 0.7182726666857148,
  "macro_recall": 0.8250848382647921,
  "macro_f1": 0.7342872164246016,
  "weighted_f1": 0.9962629313981296,
  "per_class_f1": {
    "0": 0.9979406522472181,
    "1": 0.7924528301886793,
    "2": 0.9970478252312537,
    "3": 0.9642416769420469,
    "4": 0.9931586608442504,
    "5": 0.964200477326969,
    "6": 0.9519450800915332,
    "7": 0.9871794871794872,
    "8": 0.3333333333333333,
    "9": 0.36363636363636365,
    "10": 0.9911626622479978,
    "11": 0.9921875,
    "12": 0.4489795918367347,
    "13": 0.0,
    "14": 0.23684210526315788
  },
  "roc_auc_ovr": 0.5285349580650022,
  "pr_auc_macro": 0.10211349584557441,
  "train_time_s": 18.08238673210144,
  "infer_total_s": 1.184436559677124,
  "latency_ms_per_flow": 0.01184436559677124,
  "confusion": [
    [
      82865,
      18,
      13,
      8,
      45,
      7,
      9,
      1,
      4,
      7,
      52,
      0,
      13,
      38,
      22
    ],
    [
      15,
      63,
      0,
      0,
      0,
      0,
      0,
      0,
      0,
      0,
      0,
      0,
      0,
      0,
      0
    ],
    [
      4,
      0,
      5066,
      0,
      7,
      0,
      0,
      0,
      0,
      0,
      1,
      0,
      0,
      0,
      1
    ],
    [
      16,
      0,
      0,
      391,
      2,
      0,
      0,
      0,
      0,
      0,
      0,
      0,
      0,
      0,
      0
    ],
    [
      20,
      0,
      4,
      2,
      6823,
      2,
      3,
      0,
      0,
      0,
      2,
      0,
      0,
      0,
      1
    ],
    [
      4,
      0,
      0,
      1,
      0,
      202,
      1,
      0,
      0,
      0,
      0,
      0,
      0,
      0,
      0
    ],
    [
      3,
      0,
      0,
      0,
      0,
      0,
      208,
      0,
      0,
      0,
      0,
      0,
      0,
      3,
      0
    ],
    [
      5,
      0,
      0,
      0,
      0,
      0,
      0,
      231,
      0,
      0,
      0,
      0,
      0,
      0,
      0
    ],
    [
      0,
      0,
      0,
      0,
      0,
      0,
      0,
      0,
      1,
      0,
      0,
      0,
      0,
      0,
      0
    ],
    [
      0,
      0,
      0,
      0,
      0,
      0,
      0,
      0,
      0,
      2,
      0,
      0,
      0,
      0,
      0
    ],
    [
      3,
      0,
      0,
      0,
      5,
      0,
      1,
      0,
      0,
      0,
      3589,
      0,
      0,
      0,
      0
    ],
    [
      2,
      0,
      0,
      0,
      0,
      0,
      0,
      0,
      0,
      0,
      0,
      127,
      0,
      0,
      0
    ],
    [
      19,
      0,
      0,
      0,
      1,
      0,
      0,
      0,
      0,
      0,
      0,
      0,
      22,
      0,
      17
    ],
    [
      1,
      0,
      0,
      0,
      0,
      0,
      1,
      0,
      0,
      0,
      0,
      0,
      0,
      0,
      0
    ],
    [
      13,
      0,
      0,
      0,
      0,
      0,
      0,
      0,
      0,
      0,
      0,
      0,
      4,
      0,
      9
    ]
  ],
  "fitness_history": null,
  "pareto_points": null,
  "shap_signatures": null,
  "fidelity": null
}