{
  "method": "rfe",
  "dataset": "cicids2017",
  "seed": 0,
  "selected_features": [
    "Destination Port",
    "Flow Duration",
    "Total Fwd Packets",
    "Total Backward Packets",
    "Total Length of Fwd Packets",
    "Total Length of Bwd Packets",
    "Fwd Packet Length Max",
    "Fwd Packet Length Min",
    "Fwd Packet Length Mean",
    "Fwd Packet Length Std",
    "Bwd Packet Length Max",
    "Bwd Packet Length Mean",
    "Bwd Packet Length Std",
    "Flow Bytes/s",
    "Flow Packets/s",
    "Flow IAT Mean",
    "Flow IAT Std",
    "Flow IAT Max",
    "Flow IAT Min",
    "Fwd IAT Total",
    "Fwd IAT Mean",
    "Fwd IAT Std",
    "Fwd IAT Max",
    "Fwd IAT Min",
    "Bwd IAT Total",
    "Bwd IAT Mean",
    "Bwd IAT Std",
    "Bwd IAT Min",
    "Fwd Header Length",
    "Bwd Header Length",
    "Fwd Packets/s",
    "Bwd Packets/s",
    "Packet Length Mean",
    "Packet Length Std",
    "Average Packet Size",
    "Init_Win_bytes_forward",
    "Init_Win_bytes_backward",
    "min_seg_size_forward",
    "Active Mean"
  ],
  "n_features_selected": 39,
  "n_features_total": 78,
  "accuracy": 0.99056,
  "macro_precision": 0.7769238412024954,
  "macro_recall": 0.7787701473805465,
  "macro_f1": 0.7767619074282943,
  "weighted_f1": 0.994008846508639,
  "per_class_f1": {
    "0": 0.999000818606443,
    "1": 0.7006369426751592,
    "2": 0.9983275946876538,
    "3": 0.9926470588235294,
    "4": 0.9408142846147926,
    "5": 0.9928400954653938,
    "6": 0.9838337182448037,
    "7": 0.9978858350951374,
    "8": 1.0,
    "9": 0.0,
    "10": 0.992400165814564,
    "11": 0.972972972972973,
    "12": 0.6607142857142857,
    "13": 0.0,
    "14": 0.41935483870967744
  },
  "roc_auc_ovr": 0.5624006548852866,
  "pr_auc_macro": 0.14510650459102653,
  "train_time_s": 20.22327184677124,
  "infer_total_s": 1.5040943622589111,
  "latency_ms_per_flow": 0.015040943622589112,
  "confusion": [
    [
      82985,
      24,
      10,
      2,
      18,
      3,
      4,
      1,
      0,
      0,
      46,
      2,
      5,
      0,
      2
    ],
    [
      23,
      55,
      0,
      0,
      0,
      0,
      0,
      0,
      0,
      0,
      0,
      0,
      0,
      0,
      0
    ],
    [
      5,
      0,
      5074,
      0,
      0,
      0,
      0,
      0,
      0,
      0,
      0,
      0,
      0,
      0,
      0
    ],
    [
      1,
      0,
      0,
      405,
      3,
      0,
      0,
      0,
      0,
      0,
      0,
      0,
      0,
      0,
      0
    ],
    [
      8,
      0,
      2,
      0,
      6112,
      0,
      0,
      0,
      0,
      732,
      2,
      0,
      1,
      0,
      0
    ],
    [
      0,
      0,
      0,
      0,
      0,
      208,
      0,
      0,
      0,
      0,
      0,
      0,
      0,
      0,
      0
    ],
    [
      1,
      0,
      0,
      0,
      0,
      0,
      213,
      0,
      0,
      0,
      0,
      0,
      0,
      0,
      0
    ],
    [
      0,
      0,
      0,
      0,
      0,
      0,
      0,
      236,
      0,
      0,
      0,
      0,
      0,
      0,
      0
    ],
    [
      0,
      0,
      0,
      0,
      0,
      0,
      0,
      0,
      1,
      0,
      0,
      0,
      0,
      0,
      0
    ],
    [
      2,
      0,
      0,
      0,
      0,
      0,
      0,
      0,
      0,
      0,
      0,
      0,
      0,
      0,
      0
    ],
    [
      5,
      0,
      0,
      0,
      2,
      0,
      0,
      0,
      0,
      0,
      3591,
      0,
      0,
      0,
      0
    ],
    [
      2,
      0,
      0,
      0,
      1,
      0,
      0,
      0,
      0,
      0,
      0,
      126,
      0,
      0,
      0
    ],
    [
      0,
      0,
      0,
      0,
      0,
      0,
      0,
      0,
      0,
      0,
      0,
      1,
      37,
      0,
      21
    ],
    [
      1,
      0,
      0,
      0,
      0,
      0,
      1,
      0,
      0,
      0,
      0,
      0,
      0,
      0,
      0
    ],
    [
      1,
      0,
      0,
      0,
      0,
      0,
      1,
      0,
      0,
      0,
      0,
      1,
      10,
      0,
      13
    ]
  ],
  "fitness_history": null,
  "pareto_points": null,
  "shap_signatures": null,
  "fidelity": null
}