{
  "method": "rf_imp",
  "dataset": "cicids2017",
  "seed": 0,
  "selected_features": [
    "Packet Length Std",
    "Packet Length Variance",
    "Bwd Packet Length Mean",
    "Avg Bwd Segment Size",
    "Bwd Packet Length Std",
    "Subflow Bwd Bytes",
    "Max Packet Length",
    "Average Packet Size",
    "Total Length of Bwd Packets",
    "Subflow Fwd Bytes",
    "Total Length of Fwd Packets",
    "Packet Length Mean",
    "Bwd Packet Length Max",
    "Fwd Packet Length Mean",
    "Fwd IAT Std",
    "Fwd Packet Length Max",
    "Subflow Fwd Packets",
    "Total Fwd Packets",
    "Avg Fwd Segment Size",
    "Init_Win_bytes_backward",
    "Destination Port",
    "Fwd Header Length",
    "act_data_pkt_fwd",
    "min_seg_size_forward",
    "Flow Bytes/s",
    "Fwd Packet Length Std",
    "Flow IAT Std",
    "PSH Flag Count",
    "Flow IAT Max",
    "Fwd Header Length.1",
    "Fwd IAT Mean",
    "Idle Min",
    "Idle Max",
    "Bwd Packets/s",
    "Bwd Header Length",
    "Flow IAT Mean",
    "Total Backward Packets",
    "Init_Win_bytes_forward",
    "Fwd IAT Max"
  ],
  "n_features_selected": 39,
  "n_features_total": 78,
  "accuracy": 0.99093,
  "macro_precision": 0.6042943974424632,
  "macro_recall": 0.6502949181118934,
  "macro_f1": 0.6109796320353579,
  "weighted_f1": 0.9916393771956369,
  "per_class_f1": {
    "0": 0.9956098882900244,
    "1": 0.30939226519337015,
    "2": 0.9906394718691497,
    "3": 0.9457177322074789,
    "4": 0.9848374398600379,
    "5": 0.8135593220338984,
    "6": 0.8946135831381733,
    "7": 0.9570552147239264,
    "8": 0.0,
    "9": 0.0,
    "10": 0.9775734782003065,
    "11": 0.8477366255144033,
    "12": 0.2601626016260163,
    "13": 0.08695652173913043,
    "14": 0.10084033613445378
  },
  "roc_auc_ovr": 0.6055134418995276,
  "pr_auc_macro": 0.20355226942197854,
  "train_time_s": 19.61717963218689,
  "infer_total_s": 1.4604382514953613,
  "latency_ms_per_flow": 0.014604382514953614,
  "confusion": [
    [
      82663,
      65,
      40,
      9,
      56,
      15,
      16,
      17,
      36,
      1,
      65,
      9,
      34,
      16,
      60
    ],
    [
      50,
      28,
      0,
      0,
      0,
      0,
      0,
      0,
      0,
      0,
      0,
      0,
      0,
      0,
      0
    ],
    [
      18,
      0,
      5027,
      0,
      19,
      0,
      4,
      0,
      0,
      0,
      0,
      0,
      4,
      0,
      7
    ],
    [
      10,
      0,
      0,
      392,
      2,
      0,
      0,
      0,
      0,
      0,
      0,
      0,
      0,
      4,
      1
    ],
    [
      53,
      9,
      2,
      19,
      6755,
      14,
      0,
      0,
      0,
      0,
      1,
      0,
      1,
      0,
      3
    ],
    [
      20,
      0,
      0,
      0,
      19,
      168,
      0,
      0,
      0,
      0,
      0,
      0,
      0,
      0,
      1
    ],
    [
      6,
      0,
      0,
      0,
      4,
      6,
      191,
      0,
      0,
      0,
      2,
      0,
      0,
      0,
      5
    ],
    [
      2,
      0,
      0,
      0,
      0,
      0,
      0,
      234,
      0,
      0,
      0,
      0,
      0,
      0,
      0
    ],
    [
      0,
      0,
      0,
      0,
      1,
      0,
      0,
      0,
      0,
      0,
      0,
      0,
      0,
      0,
      0
    ],
    [
      2,
      0,
      0,
      0,
      0,
      0,
      0,
      0,
      0,
      0,
      0,
      0,
      0,
      0,
      0
    ],
    [
      65,
      1,
      1,
      0,
      5,
      2,
      0,
      1,
      2,
      10,
      3509,
      2,
      0,
      0,
      0
    ],
    [
      23,
      0,
      0,
      0,
      0,
      0,
      2,
      1,
      0,
      0,
      0,
      103,
      0,
      0,
      0
    ],
    [
      30,
      0,
      0,
      0,
      0,
      0,
      0,
      0,
      0,
      0,
      3,
      0,
      16,
      0,
      10
    ],
    [
      1,
      0,
      0,
      0,
      0,
      0,
      0,
      0,
      0,
      0,
      0,
      0,
      0,
      1,
      0
    ],
    [
      10,
      0,
      0,
      0,
      0,
      0,
      0,
      0,
      0,
      0,
      1,
      0,
      9,
      0,
      6
    ]
  ],
  "fitness_history": null,
  "pareto_points": null,
  "shap_signatures": null,
  "fidelity": null
}