{
  "method": "lasso",
  "dataset": "cicids2017",
  "seed": 2,
  "selected_features": [
    "Destination Port",
    "Flow Duration",
    "Total Length of Fwd Packets",
    "Fwd Packet Length Max",
    "Fwd Packet Length Min",
    "Fwd Packet Length Mean",
    "Fwd Packet Length Std",
    "Bwd Packet Length Max",
    "Bwd Packet Length Min",
    "Bwd Packet Length Mean",
    "Bwd Packet Length Std",
    "Flow Bytes/s",
    "Flow Packets/s",
    "Flow IAT Mean",
    "Flow IAT Std",
    "Flow IAT Max",
    "Flow IAT Min",
    "Fwd IAT Total",
    "Fwd IAT Mean",
    "Fwd IAT Std",
    "Fwd IAT Max",
    "Fwd IAT Min",
    "Bwd IAT Total",
    "Bwd IAT Mean",
    "Bwd IAT Std",
    "Bwd IAT Max",
    "Bwd IAT Min",
    "Fwd PSH Flags",
    "Fwd Packets/s",
    "Bwd Packets/s",
    "Min Packet Length",
    "Max Packet Length",
    "Packet Length Mean",
    "Packet Length Std",
    "Packet Length Variance",
    "FIN Flag Count",
    "SYN Flag Count",
    "RST Flag Count",
    "PSH Flag Count",
    "ACK Flag Count",
    "URG Flag Count",
    "ECE Flag Count",
    "Down/Up Ratio",
    "Average Packet Size",
    "Avg Fwd Segment Size",
    "Avg Bwd Segment Size",
    "Subflow Fwd Bytes",
    "Init_Win_bytes_forward",
    "Init_Win_bytes_backward",
    "Active Mean",
    "Active Std",
    "Active Max",
    "Active Min",
    "Idle Mean",
    "Idle Std",
    "Idle Max",
    "Idle Min"
  ],
  "n_features_selected": 57,
  "n_features_total": 78,
  "accuracy": 0.99327,
  "macro_precision": 0.7791463699408552,
  "macro_recall": 0.818106507149402,
  "macro_f1": 0.7904119219810427,
  "weighted_f1": 0.9958424635693439,
  "per_class_f1": {
    "0": 0.9961909246213562,
    "1": 0.7586206896551724,
    "2": 0.9997046371960224,
    "3": 0.9963369963369964,
    "4": 0.997960372960373,
    "5": 0.9879518072289156,
    "6": 0.9906976744186047,
    "7": 0.9915611814345991,
    "8": 0.6666666666666666,
    "9": 0.4,
    "10": 0.9950138504155125,
    "11": 0.9961089494163424,
    "12": 0.6666666666666666,
    "13": 0.0,
    "14": 0.4126984126984127
  },
  "roc_auc_ovr": 0.6352743202225959,
  "pr_auc_macro": 0.19823192296275322,
  "train_time_s": 22.075063228607178,
  "infer_total_s": 1.9873828887939453,
  "latency_ms_per_flow": 0.019873828887939454,
  "confusion": [
    [
      82513,
      12,
      1,
      1,
      18,
      2,
      2,
      2,
      1,
      2,
      30,
      0,
      1,
      517,
      0
    ],
    [
      23,
      55,
      0,
      0,
      0,
      0,
      0,
      0,
      0,
      0,
      0,
      0,
      0,
      0,
      0
    ],
    [
      2,
      0,
      5077,
      0,
      0,
      0,
      0,
      0,
      0,
      0,
      0,
      0,
      0,
      0,
      0
    ],
    [
      0,
      0,
      0,
      408,
      1,
      0,
      0,
      0,
      0,
      0,
      0,
      0,
      0,
      0,
      0
    ],
    [
      7,
      0,
      0,
      0,
      6850,
      0,
      0,
      0,
      0,
      0,
      0,
      0,
      0,
      0,
      0
    ],
    [
      1,
      0,
      0,
      0,
      0,
      205,
      1,
      0,
      0,
      0,
      0,
      0,
      0,
      0,
      1
    ],
    [
      1,
      0,
      0,
      0,
      0,
      0,
      213,
      0,
      0,
      0,
      0,
      0,
      0,
      0,
      0
    ],
    [
      1,
      0,
      0,
      0,
      0,
      0,
      0,
      235,
      0,
      0,
      0,
      0,
      0,
      0,
      0
    ],
    [
      0,
      0,
      0,
      0,
      0,
      0,
      0,
      0,
      1,
      0,
      0,
      0,
      0,
      0,
      0
    ],
    [
      1,
      0,
      0,
      0,
      0,
      0,
      0,
      0,
      0,
      1,
      0,
      0,
      0,
      0,
      0
    ],
    [
      2,
      0,
      0,
      0,
      2,
      0,
      0,
      1,
      0,
      0,
      3592,
      0,
      0,
      0,
      1
    ],
    [
      1,
      0,
      0,
      0,
      0,
      0,
      0,
      0,
      0,
      0,
      0,
      128,
      0,
      0,
      0
    ],
    [
      1,
      0,
      0,
      0,
      0,
      0,
      0,
      0,
      0,
      0,
      0,
      0,
      36,
      0,
      22
    ],
    [
      1,
      0,
      0,
      0,
      0,
      0,
      0,
      0,
      0,
      0,
      0,
      0,
      1,
      0,
      0
    ],
    [
      1,
      0,
      0,
      1,
      0,
      0,
      0,
      0,
      0,
      0,
      0,
      0,
      11,
      0,
      13
    ]
  ],
  "fitness_history": null,
  "pareto_points": null,
  "shap_signatures": null,
  "fidelity": null
}