{
  "method": "filter",
  "dataset": "cicids2017",
  "seed": 2,
  "selected_features": [
    "Average Packet Size",
    "Packet Length Std",
    "Packet Length Variance",
    "Packet Length Mean",
    "Subflow Bwd Bytes",
    "Total Length of Bwd Packets",
    "Avg Bwd Segment Size",
    "Bwd Packet Length Mean",
    "Total Length of Fwd Packets",
    "Subflow Fwd Bytes",
    "Bwd Packet Length Max",
    "Init_Win_bytes_backward",
    "Max Packet Length",
    "Fwd Packet Length Max",
    "Init_Win_bytes_forward",
    "Fwd IAT Max",
    "Flow IAT Max",
    "Fwd IAT Total",
    "Fwd Header Length.1",
    "Fwd Header Length",
    "Flow Duration",
    "Fwd Packet Length Mean",
    "Avg Fwd Segment Size",
    "Fwd IAT Mean",
    "Bwd Packet Length Std",
    "Destination Port",
    "Flow Bytes/s",
    "Bwd Header Length",
    "Fwd Packets/s",
    "Bwd Packets/s",
    "Flow Packets/s",
    "Flow IAT Mean",
    "Fwd Packet Length Std",
    "Flow IAT Std",
    "Fwd IAT Std",
    "Bwd IAT Max",
    "Bwd IAT Total",
    "Bwd IAT Mean",
    "Subflow Bwd Packets"
  ],
  "n_features_selected": 39,
  "n_features_total": 78,
  "accuracy": 0.9898,
  "macro_precision": 0.5833590525894674,
  "macro_recall": 0.7290313947686686,
  "macro_f1": 0.5969966607478517,
  "weighted_f1": 0.9904930042869499,
  "per_class_f1": {
    "0": 0.9945324919312105,
    "1": 0.0893854748603352,
    "2": 0.9942913385826772,
    "3": 0.8807106598984772,
    "4": 0.9900036483035388,
    "5": 0.9024390243902439,
    "6": 0.8929384965831435,
    "7": 0.7447698744769874,
    "8": 0.1111111111111111,
    "9": 0.044444444444444446,
    "10": 0.975494291283765,
    "11": 0.8840579710144928,
    "12": 0.208,
    "13": 0.05,
    "14": 0.1927710843373494
  },
  "roc_auc_ovr": 0.5324794338354182,
  "pr_auc_macro": 0.10409259711729217,
  "train_time_s": 19.171550989151,
  "infer_total_s": 1.5987060070037842,
  "latency_ms_per_flow": 0.01598706007003784,
  "confusion": [
    [
      82582,
      93,
      27,
      23,
      45,
      14,
      19,
      59,
      15,
      42,
      80,
      11,
      38,
      28,
      26
    ],
    [
      70,
      8,
      0,
      0,
      0,
      0,
      0,
      0,
      0,
      0,
      0,
      0,
      0,
      0,
      0
    ],
    [
      27,
      0,
      5051,
      0,
      1,
      0,
      0,
      0,
      0,
      0,
      0,
      0,
      0,
      0,
      0
    ],
    [
      39,
      0,
      0,
      347,
      9,
      0,
      0,
      5,
      1,
      0,
      0,
      0,
      1,
      7,
      0
    ],
    [
      60,
      0,
      0,
      6,
      6784,
      1,
      4,
      0,
      0,
      0,
      0,
      0,
      0,
      2,
      0
    ],
    [
      21,
      0,
      0,
      0,
      0,
      185,
      1,
      0,
      0,
      0,
      0,
      0,
      1,
      0,
      0
    ],
    [
      17,
      0,
      0,
      0,
      0,
      1,
      196,
      0,
      0,
      0,
      0,
      0,
      0,
      0,
      0
    ],
    [
      58,
      0,
      0,
      0,
      0,
      0,
      0,
      178,
      0,
      0,
      0,
      0,
      0,
      0,
      0
    ],
    [
      0,
      0,
      0,
      0,
      0,
      0,
      0,
      0,
      1,
      0,
      0,
      0,
      0,
      0,
      0
    ],
    [
      0,
      0,
      0,
      0,
      0,
      0,
      0,
      0,
      0,
      1,
      1,
      0,
      0,
      0,
      0
    ],
    [
      57,
      0,
      2,
      3,
      7,
      1,
      5,
      0,
      0,
      0,
      3503,
      14,
      6,
      0,
      0
    ],
    [
      6,
      0,
      1,
      0,
      0,
      0,
      0,
      0,
      0,
      0,
      0,
      122,
      0,
      0,
      0
    ],
    [
      21,
      0,
      0,
      0,
      2,
      0,
      0,
      0,
      0,
      0,
      0,
      0,
      13,
      0,
      23
    ],
    [
      1,
      0,
      0,
      0,
      0,
      0,
      0,
      0,
      0,
      0,
      0,
      0,
      0,
      1,
      0
    ],
    [
      11,
      0,
      0,
      0,
      0,
      0,
      0,
      0,
      0,
      0,
      0,
      0,
      7,
      0,
      8
    ]
  ],
  "fitness_history": null,
  "pareto_points": null,
  "shap_signatures": null,
  "fidelity": null
}