{
  "method": "filter",
  "dataset": "cicids2017",
  "seed": 4,
  "selected_features": [
    "Average Packet Size",
    "Packet Length Std",
    "Packet Length Mean",
    "Packet Length Variance",
    "Total Length of Bwd Packets",
    "Subflow Bwd Bytes",
    "Bwd Packet Length Mean",
    "Avg Bwd Segment Size",
    "Subflow Fwd Bytes",
    "Total Length of Fwd Packets",
    "Bwd Packet Length Max",
    "Init_Win_bytes_backward",
    "Max Packet Length",
    "Init_Win_bytes_forward",
    "Fwd Packet Length Max",
    "Fwd IAT Max",
    "Flow IAT Max",
    "Fwd IAT Total",
    "Fwd Header Length",
    "Fwd Header Length.1",
    "Flow Duration",
    "Avg Fwd Segment Size",
    "Fwd Packet Length Mean",
    "Fwd IAT Mean",
    "Bwd Packet Length Std",
    "Destination Port",
    "Flow Bytes/s",
    "Bwd Header Length",
    "Fwd Packets/s",
    "Bwd Packets/s",
    "Flow Packets/s",
    "Flow IAT Mean",
    "Fwd IAT Std",
    "Fwd Packet Length Std",
    "Flow IAT Std",
    "Bwd IAT Max",
    "Bwd IAT Total",
    "Bwd IAT Mean",
    "Subflow Bwd Packets"
  ],
  "n_features_selected": 39,
  "n_features_total": 78,
  "accuracy": 0.99565,
  "macro_precision": 0.7000610298206261,
  "macro_recall": 0.811274258793912,
  "macro_f1": 0.7312564583246811,
  "weighted_f1": 0.9958355152867627,
  "per_class_f1": {
    "0": 0.9977180359454496,
    "1": 0.7337278106508875,
    "2": 0.9973427812223207,
    "3": 0.9587378640776699,
    "4": 0.9932905484247374,
    "5": 0.9615384615384616,
    "6": 0.963302752293578,
    "7": 0.9705882352941176,
    "8": 0.5,
    "9": 0.15384615384615385,
    "10": 0.9900497512437811,
    "11": 0.9509433962264151,
    "12": 0.3548387096774194,
    "13": 0.3333333333333333,
    "14": 0.1095890410958904
  },
  "roc_auc_ovr": 0.5778697338675453,
  "pr_auc_macro": 0.14602439868272105,
  "train_time_s": 18.914357900619507,
  "infer_total_s": 0.9725203514099121,
  "latency_ms_per_flow": 0.009725203514099121,
  "confusion": [
    [
      82853,
      28,
      7,
      14,
      37,
      6,
      9,
      9,
      1,
      10,
      56,
      10,
      32,
      3,
      27
    ],
    [
      16,
      62,
      0,
      0,
      0,
      0,
      0,
      0,
      0,
      0,
      0,
      0,
      0,
      0,
      0
    ],
    [
      7,
      0,
      5067,
      0,
      5,
      0,
      0,
      0,
      0,
      0,
      0,
      0,
      0,
      0,
      0
    ],
    [
      9,
      0,
      3,
      395,
      1,
      0,
      0,
      0,
      1,
      0,
      0,
      0,
      0,
      0,
      0
    ],
    [
      33,
      1,
      5,
      4,
      6810,
      2,
      2,
      0,
      0,
      0,
      0,
      0,
      0,
      0,
      0
    ],
    [
      6,
      0,
      0,
      0,
      1,
      200,
      1,
      0,
      0,
      0,
      0,
      0,
      0,
      0,
      0
    ],
    [
      3,
      0,
      0,
      1,
      0,
      0,
      210,
      0,
      0,
      0,
      0,
      0,
      0,
      0,
      0
    ],
    [
      2,
      0,
      0,
      0,
      0,
      0,
      0,
      231,
      0,
      0,
      0,
      0,
      3,
      0,
      0
    ],
    [
      0,
      0,
      0,
      0,
      0,
      0,
      0,
      0,
      1,
      0,
      0,
      0,
      0,
      0,
      0
    ],
    [
      1,
      0,
      0,
      0,
      0,
      0,
      0,
      0,
      0,
      1,
      0,
      0,
      0,
      0,
      0
    ],
    [
      15,
      0,
      0,
      0,
      1,
      0,
      0,
      0,
      0,
      0,
      3582,
      0,
      0,
      0,
      0
    ],
    [
      3,
      0,
      0,
      0,
      0,
      0,
      0,
      0,
      0,
      0,
      0,
      126,
      0,
      0,
      0
    ],
    [
      21,
      0,
      0,
      0,
      0,
      0,
      0,
      0,
      0,
      0,
      0,
      0,
      22,
      0,
      16
    ],
    [
      0,
      0,
      0,
      1,
      0,
      0,
      0,
      0,
      0,
      0,
      0,
      0,
      0,
      1,
      0
    ],
    [
      14,
      0,
      0,
      0,
      0,
      0,
      0,
      0,
      0,
      0,
      0,
      0,
      8,
      0,
      4
    ]
  ],
  "fitness_history": null,
  "pareto_points": null,
  "shap_signatures": null,
  "fidelity": null
}