{
  "method": "rf_imp",
  "dataset": "cicids2017",
  "seed": 2,
  "selected_features": [
    "Packet Length Std",
    "Packet Length Variance",
    "Bwd Packet Length Max",
    "Bwd Packet Length Std",
    "Avg Bwd Segment Size",
    "Average Packet Size",
    "Bwd Packet Length Mean",
    "Subflow Bwd Bytes",
    "Subflow Fwd Bytes",
    "Total Length of Fwd Packets",
    "Max Packet Length",
    "Total Length of Bwd Packets",
    "Fwd Packet Length Max",
    "Fwd IAT Max",
    "Avg Fwd Segment Size",
    "Bwd Header Length",
    "Fwd Packet Length Mean",
    "Fwd Header Length.1",
    "Destination Port",
    "Total Fwd Packets",
    "PSH Flag Count",
    "Packet Length Mean",
    "min_seg_size_forward",
    "act_data_pkt_fwd",
    "Flow IAT Std",
    "Fwd Packet Length Std",
    "Idle Mean",
    "Fwd Header Length",
    "Fwd IAT Mean",
    "Subflow Fwd Packets",
    "Flow IAT Max",
    "Init_Win_bytes_backward",
    "Fwd Packets/s",
    "Idle Max",
    "Init_Win_bytes_forward",
    "Flow Bytes/s",
    "Flow Duration",
    "Fwd IAT Std",
    "Bwd Packets/s"
  ],
  "n_features_selected": 39,
  "n_features_total": 78,
  "accuracy": 0.97935,
  "macro_precision": 0.4447800497149022,
  "macro_recall": 0.5249284320741654,
  "macro_f1": 0.4625758450456175,
  "weighted_f1": 0.9819773055292135,
  "per_class_f1": {
    "0": 0.9910448482213486,
    "1": 0.029411764705882353,
    "2": 0.9835871069804232,
    "3": 0.19525065963060687,
    "4": 0.9803606629188873,
    "5": 0.6180904522613065,
    "6": 0.5271629778672032,
    "7": 0.7992277992277992,
    "8": 0.0,
    "9": 0.0,
    "10": 0.976537553797029,
    "11": 0.6994219653179191,
    "12": 0.0898876404494382,
    "13": 0.023809523809523808,
    "14": 0.024844720496894408
  },
  "roc_auc_ovr": 0.6120422694080613,
  "pr_auc_macro": 0.2117098297219555,
  "train_time_s": 19.621374368667603,
  "infer_total_s": 1.722416639328003,
  "latency_ms_per_flow": 0.01722416639328003,
  "confusion": [
    [
      82060,
      96,
      42,
      166,
      88,
      28,
      59,
      25,
      142,
      88,
      78,
      17,
      65,
      29,
      119
    ],
    [
      75,
      3,
      0,
      0,
      0,
      0,
      0,
      0,
      0,
      0,
      0,
      0,
      0,
      0,
      0
    ],
    [
      36,
      15,
      4974,
      1,
      0,
      4,
      0,
      6,
      0,
      5,
      8,
      16,
      0,
      14,
      0
    ],
    [
      65,
      10,
      2,
      74,
      33,
      9,
      57,
      36,
      0,
      0,
      0,
      54,
      34,
      35,
      0
    ],
    [
      56,
      1,
      14,
      19,
      6714,
      26,
      11,
      6,
      0,
      0,
      1,
      9,
      0,
      0,
      0
    ],
    [
      58,
      0,
      0,
      7,
      0,
      123,
      15,
      0,
      0,
      0,
      0,
      0,
      2,
      3,
      0
    ],
    [
      15,
      0,
      0,
      67,
      0,
      0,
      131,
      0,
      1,
      0,
      0,
      0,
      0,
      0,
      0
    ],
    [
      22,
      0,
      3,
      4,
      0,
      0,
      0,
      207,
      0,
      0,
      0,
      0,
      0,
      0,
      0
    ],
    [
      0,
      1,
      0,
      0,
      0,
      0,
      0,
      0,
      0,
      0,
      0,
      0,
      0,
      0,
      0
    ],
    [
      1,
      0,
      0,
      1,
      0,
      0,
      0,
      0,
      0,
      0,
      0,
      0,
      0,
      0,
      0
    ],
    [
      70,
      0,
      0,
      5,
      4,
      0,
      0,
      2,
      0,
      0,
      3517,
      0,
      0,
      0,
      0
    ],
    [
      6,
      0,
      0,
      0,
      1,
      0,
      0,
      0,
      0,
      0,
      1,
      121,
      0,
      0,
      0
    ],
    [
      24,
      0,
      0,
      4,
      0,
      0,
      9,
      0,
      0,
      0,
      0,
      0,
      8,
      0,
      14
    ],
    [
      1,
      0,
      0,
      0,
      0,
      0,
      0,
      0,
      0,
      0,
      0,
      0,
      0,
      1,
      0
    ],
    [
      12,
      0,
      0,
      1,
      0,
      0,
      1,
      0,
      0,
      0,
      0,
      0,
      10,
      0,
      2
    ]
  ],
  "fitness_history": null,
  "pareto_points": null,
  "shap_signatures": null,
  "fidelity": null
}