{
  "method": "filter",
  "dataset": "cicids2017",
  "seed": 0,
  "selected_features": [
    "Average Packet Size",
    "Packet Length Std",
    "Packet Length Mean",
    "Packet Length Variance",
    "Total Length of Bwd Packets",
    "Subflow Bwd Bytes",
    "Avg Bwd Segment Size",
    "Bwd Packet Length Mean",
    "Total Length of Fwd Packets",
    "Subflow Fwd Bytes",
    "Bwd Packet Length Max",
    "Init_Win_bytes_backward",
    "Max Packet Length",
    "Init_Win_bytes_forward",
    "Fwd Packet Length Max",
    "Fwd IAT Max",
    "Flow IAT Max",
    "Fwd IAT Total",
    "Fwd Header Length",
    "Fwd Header Length.1",
    "Flow Duration",
    "Fwd Packet Length Mean",
    "Avg Fwd Segment Size",
    "Fwd IAT Mean",
    "Bwd Packet Length Std",
    "Flow Bytes/s",
    "Destination Port",
    "Bwd Header Length",
    "Fwd Packets/s",
    "Bwd Packets/s",
    "Flow Packets/s",
    "Flow IAT Mean",
    "Fwd IAT Std",
    "Fwd Packet Length Std",
    "Flow IAT Std",
    "Bwd IAT Max",
    "Bwd IAT Total",
    "Bwd IAT Mean",
    "Subflow Bwd Packets"
  ],
  "n_features_selected": 39,
  "n_features_total": 78,
  "accuracy": 0.99828,
  "macro_precision": 0.7962433967113172,
  "macro_recall": 0.8248346469957598,
  "macro_f1": 0.8014346088617359,
  "weighted_f1": 0.9983279097739708,
  "per_class_f1": {
    "0": 0.9991875252017646,
    "1": 0.7549668874172185,
    "2": 0.9997046371960224,
    "3": 0.9951100244498777,
    "4": 0.9985424865180003,
    "5": 0.9879518072289156,
    "6": 0.9929742388758782,
    "7": 1.0,
    "8": 1.0,
    "9": 0.25,
    "10": 0.9937733499377335,
    "11": 1.0,
    "12": 0.6226415094339622,
    "13": 0.0,
    "14": 0.4266666666666667
  },
  "roc_auc_ovr": 0.5340429110325793,
  "pr_auc_macro": 0.10484400844225378,
  "train_time_s": 18.096052885055542,
  "infer_total_s": 1.01118803024292,
  "latency_ms_per_flow": 0.0101118803024292,
  "confusion": [
    [
      83012,
      16,
      1,
      2,
      10,
      2,
      0,
      0,
      0,
      5,
      36,
      0,
      6,
      1,
      11
    ],
    [
      21,
      57,
      0,
      0,
      0,
      0,
      0,
      0,
      0,
      0,
      0,
      0,
      0,
      0,
      0
    ],
    [
      1,
      0,
      5077,
      0,
      1,
      0,
      0,
      0,
      0,
      0,
      0,
      0,
      0,
      0,
      0
    ],
    [
      1,
      0,
      0,
      407,
      1,
      0,
      0,
      0,
      0,
      0,
      0,
      0,
      0,
      0,
      0
    ],
    [
      3,
      0,
      0,
      0,
      6851,
      0,
      0,
      0,
      0,
      0,
      2,
      0,
      1,
      0,
      0
    ],
    [
      2,
      0,
      0,
      0,
      0,
      205,
      1,
      0,
      0,
      0,
      0,
      0,
      0,
      0,
      0
    ],
    [
      2,
      0,
      0,
      0,
      0,
      0,
      212,
      0,
      0,
      0,
      0,
      0,
      0,
      0,
      0
    ],
    [
      0,
      0,
      0,
      0,
      0,
      0,
      0,
      236,
      0,
      0,
      0,
      0,
      0,
      0,
      0
    ],
    [
      0,
      0,
      0,
      0,
      0,
      0,
      0,
      0,
      1,
      0,
      0,
      0,
      0,
      0,
      0
    ],
    [
      1,
      0,
      0,
      0,
      0,
      0,
      0,
      0,
      0,
      1,
      0,
      0,
      0,
      0,
      0
    ],
    [
      5,
      0,
      0,
      0,
      2,
      0,
      0,
      0,
      0,
      0,
      3591,
      0,
      0,
      0,
      0
    ],
    [
      0,
      0,
      0,
      0,
      0,
      0,
      0,
      0,
      0,
      0,
      0,
      129,
      0,
      0,
      0
    ],
    [
      4,
      0,
      0,
      0,
      0,
      0,
      0,
      0,
      0,
      0,
      0,
      0,
      33,
      0,
      22
    ],
    [
      2,
      0,
      0,
      0,
      0,
      0,
      0,
      0,
      0,
      0,
      0,
      0,
      0,
      0,
      0
    ],
    [
      3,
      0,
      0,
      0,
      0,
      0,
      0,
      0,
      0,
      0,
      0,
      0,
      7,
      0,
      16
    ]
  ],
  "fitness_history": null,
  "pareto_points": null,
  "shap_signatures": null,
  "fidelity": null
}