{
  "method": "rf_imp",
  "dataset": "cicids2017",
  "seed": 4,
  "selected_features": [
    "Packet Length Variance",
    "Bwd Packet Length Mean",
    "Total Length of Bwd Packets",
    "Packet Length Std",
    "Bwd Packet Length Std",
    "Fwd IAT Std",
    "Avg Bwd Segment Size",
    "Max Packet Length",
    "Subflow Bwd Bytes",
    "Average Packet Size",
    "Total Length of Fwd Packets",
    "Bwd Packet Length Max",
    "Fwd Packet Length Mean",
    "Avg Fwd Segment Size",
    "Packet Length Mean",
    "Fwd Packet Length Max",
    "Subflow Fwd Bytes",
    "Fwd Packet Length Std",
    "act_data_pkt_fwd",
    "Fwd Header Length",
    "Total Fwd Packets",
    "PSH Flag Count",
    "Fwd Header Length.1",
    "Destination Port",
    "Subflow Fwd Packets",
    "Flow IAT Std",
    "Fwd IAT Max",
    "Fwd IAT Mean",
    "Flow IAT Max",
    "Bwd Packets/s",
    "min_seg_size_forward",
    "Flow Bytes/s",
    "Init_Win_bytes_backward",
    "ACK Flag Count",
    "Bwd Header Length",
    "Idle Max",
    "Flow Duration",
    "Flow IAT Mean",
    "Init_Win_bytes_forward"
  ],
  "n_features_selected": 39,
  "n_features_total": 78,
  "accuracy": 0.99493,
  "macro_precision": 0.7123122095728245,
  "macro_recall": 0.8729289695626846,
  "macro_f1": 0.7457105804872709,
  "weighted_f1": 0.9950730853453561,
  "per_class_f1": {
    "0": 0.9973455642030372,
    "1": 0.7529411764705882,
    "2": 0.997934087555337,
    "3": 0.96875,
    "4": 0.9947406866325785,
    "5": 0.9307875894988067,
    "6": 0.6744730679156908,
    "7": 0.9915254237288136,
    "8": 0.6666666666666666,
    "9": 0.23529411764705882,
    "10": 0.986559512262713,
    "11": 0.972972972972973,
    "12": 0.45045045045045046,
    "13": 0.3333333333333333,
    "14": 0.2318840579710145
  },
  "roc_auc_ovr": 0.5238018963077212,
  "pr_auc_macro": 0.08983335946540111,
  "train_time_s": 18.499924421310425,
  "infer_total_s": 1.0811781883239746,
  "latency_ms_per_flow": 0.010811781883239746,
  "confusion": [
    [
      82848,
      25,
      13,
      14,
      21,
      13,
      47,
      2,
      0,
      11,
      59,
      4,
      20,
      6,
      19
    ],
    [
      13,
      64,
      0,
      0,
      0,
      0,
      0,
      0,
      1,
      0,
      0,
      0,
      0,
      0,
      0
    ],
    [
      6,
      1,
      5072,
      0,
      0,
      0,
      0,
      0,
      0,
      0,
      0,
      0,
      0,
      0,
      0
    ],
    [
      6,
      0,
      0,
      403,
      0,
      0,
      0,
      0,
      0,
      0,
      0,
      0,
      0,
      0,
      0
    ],
    [
      31,
      2,
      1,
      5,
      6809,
      1,
      4,
      0,
      0,
      2,
      0,
      0,
      0,
      2,
      0
    ],
    [
      7,
      0,
      0,
      1,
      0,
      195,
      5,
      0,
      0,
      0,
      0,
      0,
      0,
      0,
      0
    ],
    [
      69,
      0,
      0,
      0,
      1,
      0,
      144,
      0,
      0,
      0,
      0,
      0,
      0,
      0,
      0
    ],
    [
      2,
      0,
      0,
      0,
      0,
      0,
      0,
      234,
      0,
      0,
      0,
      0,
      0,
      0,
      0
    ],
    [
      0,
      0,
      0,
      0,
      0,
      0,
      0,
      0,
      1,
      0,
      0,
      0,
      0,
      0,
      0
    ],
    [
      0,
      0,
      0,
      0,
      0,
      0,
      0,
      0,
      0,
      2,
      0,
      0,
      0,
      0,
      0
    ],
    [
      22,
      0,
      0,
      0,
      1,
      2,
      13,
      0,
      0,
      0,
      3560,
      0,
      0,
      0,
      0
    ],
    [
      2,
      0,
      0,
      0,
      1,
      0,
      0,
      0,
      0,
      0,
      0,
      126,
      0,
      0,
      0
    ],
    [
      18,
      0,
      0,
      0,
      0,
      0,
      0,
      0,
      0,
      0,
      0,
      0,
      25,
      0,
      16
    ],
    [
      0,
      0,
      0,
      0,
      0,
      0,
      0,
      0,
      0,
      0,
      0,
      0,
      0,
      2,
      0
    ],
    [
      11,
      0,
      0,
      0,
      0,
      0,
      0,
      0,
      0,
      0,
      0,
      0,
      7,
      0,
      8
    ]
  ],
  "fitness_history": null,
  "pareto_points": null,
  "shap_signatures": null,
  "fidelity": null
}