{
  "method": "rf_imp",
  "dataset": "cicids2017",
  "seed": 3,
  "selected_features": [
    "Bwd Packet Length Std",
    "Subflow Bwd Bytes",
    "Packet Length Std",
    "Bwd Packet Length Max",
    "Bwd Packet Length Mean",
    "Packet Length Variance",
    "Avg Bwd Segment Size",
    "Total Length of Bwd Packets",
    "Total Length of Fwd Packets",
    "Max Packet Length",
    "Packet Length Mean",
    "Subflow Fwd Bytes",
    "Fwd Packet Length Mean",
    "Avg Fwd Segment Size",
    "Average Packet Size",
    "act_data_pkt_fwd",
    "Fwd Packet Length Max",
    "Destination Port",
    "PSH Flag Count",
    "Fwd IAT Std",
    "Total Fwd Packets",
    "Subflow Fwd Packets",
    "Fwd IAT Max",
    "Fwd Header Length",
    "Bwd Packets/s",
    "Fwd Header Length.1",
    "Bwd Header Length",
    "Flow IAT Max",
    "Flow IAT Std",
    "Idle Min",
    "Init_Win_bytes_backward",
    "min_seg_size_forward",
    "Idle Max",
    "ACK Flag Count",
    "Flow IAT Mean",
    "Init_Win_bytes_forward",
    "Idle Mean",
    "Fwd IAT Mean",
    "Flow Bytes/s"
  ],
  "n_features_selected": 39,
  "n_features_total": 78,
  "accuracy": 0.99788,
  "macro_precision": 0.7541173177380442,
  "macro_recall": 0.8026536760798668,
  "macro_f1": 0.7655260382940333,
  "weighted_f1": 0.9979634019058597,
  "per_class_f1": {
    "0": 0.9989526652862715,
    "1": 0.8181818181818182,
    "2": 0.9997045790251108,
    "3": 0.9914110429447853,
    "4": 0.997960372960373,
    "5": 0.9951690821256038,
    "6": 0.9906976744186047,
    "7": 0.9978768577494692,
    "8": 0.5,
    "9": 0.0,
    "10": 0.9929567739262533,
    "11": 0.9921875,
    "12": 0.5,
    "13": 0.5,
    "14": 0.2077922077922078
  },
  "roc_auc_ovr": 0.5070128659533949,
  "pr_auc_macro": 0.0723982767596469,
  "train_time_s": 20.611008644104004,
  "infer_total_s": 1.8003287315368652,
  "latency_ms_per_flow": 0.01800328731536865,
  "confusion": [
    [
      82981,
      13,
      0,
      1,
      15,
      0,
      1,
      0,
      2,
      1,
      48,
      0,
      15,
      0,
      25
    ],
    [
      15,
      63,
      0,
      0,
      0,
      0,
      0,
      0,
      0,
      0,
      0,
      0,
      0,
      0,
      0
    ],
    [
      3,
      0,
      5076,
      0,
      0,
      0,
      0,
      0,
      0,
      0,
      0,
      0,
      0,
      0,
      0
    ],
    [
      0,
      0,
      0,
      404,
      4,
      0,
      1,
      0,
      0,
      0,
      0,
      0,
      0,
      0,
      0
    ],
    [
      6,
      0,
      0,
      0,
      6850,
      0,
      0,
      0,
      0,
      0,
      0,
      0,
      0,
      1,
      0
    ],
    [
      0,
      0,
      0,
      1,
      0,
      206,
      1,
      0,
      0,
      0,
      0,
      0,
      0,
      0,
      0
    ],
    [
      1,
      0,
      0,
      0,
      0,
      0,
      213,
      0,
      0,
      0,
      0,
      0,
      0,
      0,
      0
    ],
    [
      1,
      0,
      0,
      0,
      0,
      0,
      0,
      235,
      0,
      0,
      0,
      0,
      0,
      0,
      0
    ],
    [
      0,
      0,
      0,
      0,
      0,
      0,
      0,
      0,
      1,
      0,
      0,
      0,
      0,
      0,
      0
    ],
    [
      2,
      0,
      0,
      0,
      0,
      0,
      0,
      0,
      0,
      0,
      0,
      0,
      0,
      0,
      0
    ],
    [
      1,
      0,
      0,
      0,
      2,
      0,
      0,
      0,
      0,
      0,
      3595,
      0,
      0,
      0,
      0
    ],
    [
      2,
      0,
      0,
      0,
      0,
      0,
      0,
      0,
      0,
      0,
      0,
      127,
      0,
      0,
      0
    ],
    [
      13,
      0,
      0,
      0,
      0,
      0,
      0,
      0,
      0,
      0,
      0,
      0,
      28,
      0,
      18
    ],
    [
      1,
      0,
      0,
      0,
      0,
      0,
      0,
      0,
      0,
      0,
      0,
      0,
      0,
      1,
      0
    ],
    [
      8,
      0,
      0,
      0,
      0,
      0,
      0,
      0,
      0,
      0,
      0,
      0,
      10,
      0,
      8
    ]
  ],
  "fitness_history": null,
  "pareto_points": null,
  "shap_signatures": null,
  "fidelity": null
}